SAMindex,EGsmlie2D,Category,kinds,UMAP1,UMAP2,TC_mean
SAM001,Cc1ccc(Nc2ccccc2)cc1C,"6Amine, 9Aromatic_Hydrocarbon",2,0.44568035,5.2913065,62.717
SAM002,C1=C/CC/C=C/CC/C=C/CC/1,11Other,1,3.7640576,0.035574675,42.50925
SAM003,c1cc2cc3sccc3cc2s1,9Aromatic_Hydrocarbon,1,-0.04382682,5.7415047,48.74075
SAM004,Cc1cc(C)c(-c2ccccc2)s1,9Aromatic_Hydrocarbon,1,0.025880964,5.071584,64.153
SAM005,c1cc2cc3ccccc3cc2s1,9Aromatic_Hydrocarbon,1,-0.01460275,5.813992,54.1965
SAM006,C1=C/CC/C=C\CC/C=C/CC/1,11Other,1,0.4017453,5.330571,53.86575
SAM007,CCCC1=C(C)C(C)=C(C)[C@@H]1C,11Other,1,0.7508291,4.68528,40.8
SAM008,Cc1cccc([C@H]2CCC[C@H](C)C2)c1,"9Aromatic_Hydrocarbon, 10Cyclohexane",2,0.6193222,4.682849,45.40425
SAM009,CCC(C)(C)C1CCC(F)(F)CC1,10Cyclohexane,1,3.6898491,0.030287886,70.59275
SAM010,Cc1ccc(C(F)F)c2ccccc12,9Aromatic_Hydrocarbon,1,0.033262134,5.44091,88.6725
SAM011,CCCCCc1ccc(C)cc1C,9Aromatic_Hydrocarbon,1,0.8456317,4.4877677,43.18725
SAM012,c1ccc(-c2ccc(C3CC3)cc2)cc1,9Aromatic_Hydrocarbon,1,-0.24195859,5.0205364,48.797
SAM013,C1CC[C@@H]2C[C@@H]3CCCC[C@@H]3C[C@H]2C1,10Cyclohexane,1,1.6938926,2.6486516,38.93
SAM014,c1cc2ccc3ccsc3c2s1,9Aromatic_Hydrocarbon,1,-0.34458256,4.78821,57.11225
SAM015,CC=C=C1CCC(c2ccccc2)CC1,"9Aromatic_Hydrocarbon, 10Cyclohexane",2,0.42529002,6.0679812,66.505
SAM016,C=CCNC(=O)C(N)=O,"5Ketone, 6Amine, 7Amide",3,8.15798,3.9227014,200.10075
SAM017,CN[C@H](C=O)[C@H](O)[C@@H](O)[C@H](O)CO,"1Alcohol, 5Ketone, 6Amine",3,7.2981157,3.6009097,141.76525
SAM018,C[C@H](O)[C@@H](O)C=O,"1Alcohol, 5Ketone",2,3.5003664,3.3615155,160.934
SAM019,CNC(N=N)NCCO,"1Alcohol, 6Amine",2,6.0384555,1.3452669,142.40925
SAM020,C[C@]1(C=O)NC(=O)NC1=O,"5Ketone, 6Amine, 7Amide",3,1.8717387,2.731763,173.88075
SAM021,CNC(N=N)NN,6Amine,1,7.0342083,1.5600984,205.80975
SAM022,C[C@H](O)[C@H](O)[C@H](O)C=O,"1Alcohol, 5Ketone",2,4.36546,5.504093,146.33975
SAM023,C[C@H](O)[C@H](O)C=O,"1Alcohol, 5Ketone",2,3.5704355,3.3604178,152.556
SAM024,CN(C)N/N=C1/N=CN=C1C(N)=O,"5Ketone, 6Amine, 7Amide",3,8.248956,4.0073714,92.0455
SAM025,OC1[C@H](O)[C@H](O)C2(CO2)[C@H](O)[C@@H]1O,"1Alcohol, 8Ether, 10Cyclohexane",3,0.85290855,5.760151,102.28675
SAM026,OC1[C@H](O)[C@H](O)C2(CO2)[C@H](O)[C@H]1O,"1Alcohol, 8Ether, 10Cyclohexane",3,8.493971,1.6060017,105.50575
SAM027,CO[C@H](C=O)O[C@H](C=O)CO,"1Alcohol, 5Ketone, 8Ether",3,4.212113,0.13013926,136.4385
SAM028,CN[C@H](C=O)[C@H](O)[C@H](O)[C@@H](O)CO,"1Alcohol, 5Ketone, 6Amine",3,6.119869,6.162403,148.081
SAM029,NC(=O)/C=C/C(=O)NO,"1Alcohol, 5Ketone, 6Amine, 7Amide",4,8.010848,2.749615,189.36725
SAM030,C[C@H](O)[C@@H](O)[C@@H](O)C=O,"1Alcohol, 5Ketone",2,1.4602064,6.5428805,148.328
SAM031,N[C@@H](C=O)C(O)C(O)C(O)C=O,"1Alcohol, 5Ketone, 6Amine",3,6.130995,3.6968148,154.28875
SAM032,C=C(CC(N)=O)[C@H]([NH3+])C(=O)[O-],"5Ketone, 6Amine, 7Amide",3,8.625182,2.3973026,185.1475
SAM033,C=CCNC(=O)C(=O)NC[C@H](C)O,"1Alcohol, 5Ketone, 6Amine, 7Amide",4,7.086968,5.983775,77.066
SAM034,COC(=O)[C@H](C=O)N(C)C=O,"3Ester, 5Ketone, 6Amine, 7Amide, 8Ether",5,5.5400314,0.5998026,118.3065
SAM035,CC(=O)N[C@@H](C=O)OCC=O,"5Ketone, 6Amine, 7Amide, 8Ether",4,2.1000032,4.6890397,123.254
SAM036,CC(=O)N[C@H](C=O)OCC=O,"5Ketone, 6Amine, 7Amide, 8Ether",4,1.3777423,6.020001,123.7795
SAM037,CC(=O)ONC(=O)C(N)=O,"5Ketone, 6Amine, 7Amide",3,8.003096,4.58938,190.9025
SAM038,C=C1NC(=O)C(=O)C1C(N)=O,"5Ketone, 6Amine, 7Amide",3,4.577284,-0.16535,198.18425
SAM039,C[C@H](O)[C@@H](O)[C@@H](O)[C@H](F)C=O,"1Alcohol, 5Ketone",2,4.197457,5.129039,128.26475
SAM040,CO[C@@H]([C@@H](O)C=O)[C@H](O)[C@H](O)CO,"1Alcohol, 5Ketone, 8Ether",3,8.565655,2.2136838,155.1605
SAM041,CO[C@@H]([C@H](O)C=O)[C@H](O)[C@H](O)CO,"1Alcohol, 5Ketone, 8Ether",3,8.695535,2.1604147,148.41975
SAM042,CO[C@@H](C=O)O[C@@H](C=O)CO,"1Alcohol, 5Ketone, 8Ether",3,1.7408811,3.5979931,154.39325
SAM043,CO[C@H](C=O)O[C@@H](C=O)CO,"1Alcohol, 5Ketone, 8Ether",3,4.146094,0.16706112,144.279
SAM044,CO[C@H]([C@@H](O)C=O)[C@H](O)[C@H](O)CO,"1Alcohol, 5Ketone, 8Ether",3,7.2786245,2.9377713,156.47425
SAM045,C[C@@H](O)[C@@H](O)[C@@H](O)CC=O,"1Alcohol, 5Ketone",2,6.211573,1.0156233,131.09375
SAM046,C[C@@H](O)[C@@H](O)[C@@H](O)C=O,"1Alcohol, 5Ketone",2,4.20806,5.8042,153.00625
SAM047,C[C@@H](O)[C@@H](O)[C@H](O)C=O,"1Alcohol, 5Ketone",2,5.506769,3.774318,148.63225
SAM048,C[C@@H](O)[C@@H](O)C=O,"1Alcohol, 5Ketone",2,3.912298,2.8220816,152.11725
SAM049,C[C@@H](O)[C@H](O)C=O,"1Alcohol, 5Ketone",2,5.435851,1.0969027,164.192
SAM050,C[C@@H](O)[C@H](O)[C@H](O)C=O,"1Alcohol, 5Ketone",2,4.317736,5.463397,152.6485
SAM051,C[C@H](O)[C@@H](O)[C@H](O)C=O,"1Alcohol, 5Ketone",2,8.511571,2.0020103,144.48675
SAM052,NC(=O)C(=O)NO,"1Alcohol, 5Ketone, 6Amine, 7Amide",4,7.3128276,4.7785845,222.5885
SAM053,NOC(=O)[C@H](O)[C@@H](O)C(=O)ON,"1Alcohol, 3Ester, 5Ketone, 6Amine",4,7.8619275,4.0033965,164.7975
SAM054,C=CCNC(=O)C(=O)NCCCO,"1Alcohol, 5Ketone, 6Amine, 7Amide",4,6.1573024,6.3075876,153.09925
SAM055,C=CCNC(=O)c1cc(=O)[nH]c(=O)[nH]1,"6Amine, 7Amide",2,6.6703916,4.3703127,167.82075
SAM056,C=C[C@@H](O)[C@@H](O)CO,1Alcohol,1,4.324077,5.3162065,143.0795
SAM057,CC(=O)NC/C(N)=N/O,"1Alcohol, 5Ketone, 6Amine, 7Amide",4,8.102147,4.120961,240.311
SAM058,CC(=O)N[C@@H](CS)C(N)=O,"5Ketone, 6Amine, 7Amide",3,8.332642,3.330332,77.07575
SAM059,OC[C@H]1O[C@H](S)[C@H](O)[C@@H](O)[C@H]1O,"1Alcohol, 8Ether",2,6.083971,1.4085361,162.82475
SAM060,CO[C@H](C=O)[C@@H](O)[C@@H](O)CO,"1Alcohol, 5Ketone, 8Ether",3,6.204609,1.0879571,163.94175
SAM061,C[C@@H](O)[C@@H](O)C[C@H](O)C=O,"1Alcohol, 5Ketone",2,7.190408,1.3936669,138.26825
SAM062,NC(=O)[C@@H](O)[C@@H](O)[C@H](O)[C@@H](O)C=O,"1Alcohol, 5Ketone, 6Amine, 7Amide",4,7.0062947,6.0251417,142.36
SAM063,N=NC(NN)NN,6Amine,1,7.3681116,2.6568675,187.5105
SAM064,N[C@@H](C=O)[C@H](O)[C@H](O)[C@@H](O)CO,"1Alcohol, 5Ketone, 6Amine",3,7.9358745,2.9937928,158.6075
SAM065,C[C@H](O)[C@H](O)[C@@H](O)C=O,"1Alcohol, 5Ketone",2,4.374936,5.282294,141.4815
SAM066,CN(C)C(=O)N=C(N)N,"6Amine, 7Amide",2,0.78698117,4.396377,136.882
SAM067,OC[C@@H]1O[C@H](S)[C@H](O)[C@H](O)[C@H]1O,"1Alcohol, 8Ether",2,5.270368,3.117663,163.522
SAM068,CNC(N=N)NC,6Amine,1,1.5414065,5.4612823,76.511
SAM069,OC[C@H]1O[C@@H](S)[C@H](O)[C@@H](O)[C@@H]1O,"1Alcohol, 8Ether",2,6.139107,1.404603,155.9785
SAM070,COC1NCC(C=O)CN1,"5Ketone, 6Amine, 8Ether",3,1.6847003,2.7517204,122.08875
SAM071,CNC(N=N)N(C)C,6Amine,1,1.281935,5.996273,74.39125
SAM072,CCNC(=O)C(=O)NC[C@H](C)O,"1Alcohol, 5Ketone, 6Amine, 7Amide",4,7.6138544,5.0869875,90.64
SAM073,CCNC(=O)C(=O)NC[C@@H](C)O,"1Alcohol, 5Ketone, 6Amine, 7Amide",4,8.401732,3.4266672,85.97725
SAM074,C[C@@H](NC(=O)[C@@H]([NH3+])[C@@H](C)O)C(=O)[O-],"1Alcohol, 5Ketone, 6Amine, 7Amide",4,6.848613,6.384123,109.71725
SAM075,CNC(=O)C(=O)NC[C@@H](C)O,"1Alcohol, 5Ketone, 6Amine, 7Amide",4,7.2598615,5.743213,64.89475
SAM076,CNC(=O)CC(=O)NC,"5Ketone, 6Amine, 7Amide",3,0.27409884,4.8222213,77.432
SAM077,CNC(=O)NCNC(=O)NC,"6Amine, 7Amide",2,0.2862561,3.839436,94.521
SAM078,CNC(=O)[C@@H](O)[C@@H](O)C(=O)NC,"1Alcohol, 5Ketone, 6Amine, 7Amide",4,7.826541,4.8657618,116.328
SAM079,CN[C@@H](CO)C(=O)OC,"1Alcohol, 3Ester, 5Ketone, 6Amine, 8Ether",5,5.3543067,0.17173946,105.82
SAM080,COC(=O)C(NC=O)C(=O)OC,"3Ester, 5Ketone, 6Amine, 7Amide, 8Ether",5,7.3414216,3.7582116,106.954
SAM081,COC(=O)C1(O)CNC1,"1Alcohol, 3Ester, 5Ketone, 6Amine, 8Ether",5,1.5820695,6.2213407,92.53725
SAM082,COC(=O)[C@@H](N)[C@@H](O)C(=O)OC,"1Alcohol, 3Ester, 5Ketone, 6Amine, 8Ether",5,7.042157,4.7947407,117.593
SAM083,COC(=O)[C@H](N)[C@@H](O)C(=O)OC,"1Alcohol, 3Ester, 5Ketone, 6Amine, 8Ether",5,6.511079,6.3241277,117.0365
SAM084,CO[C@H]1O[C@H](CO)[C@H](C)[C@@H](O)[C@@H]1O,"1Alcohol, 8Ether",2,4.536463,3.2306948,108.67025
SAM085,CO[C@H]1O[C@H](CO)[C@H](C)[C@@H](O)[C@H]1O,"1Alcohol, 8Ether",2,4.783124,3.1812713,106.39825
SAM086,CO[C@H]1O[C@@H](CO)[C@H](C)[C@@H](O)[C@H]1O,"1Alcohol, 8Ether",2,8.570785,1.7750791,108.0285
SAM087,CO[C@H]1O[C@@H](CO)[C@H](C)[C@@H](O)[C@@H]1O,"1Alcohol, 8Ether",2,3.4347053,4.325207,108.98075
SAM088,CO[C@H]1OC[C@@H](C(C)=O)[C@@H](O)[C@H]1O,"1Alcohol, 5Ketone, 8Ether",3,3.1553764,2.7899125,86.03725
SAM089,CO[C@H]1OC[C@H](C(C)=O)[C@@H](O)[C@H]1O,"1Alcohol, 5Ketone, 8Ether",3,1.7640936,4.2061343,88.64425
SAM090,CS(=O)(=O)CN,6Amine,1,1.2176187,5.547454,91.21325
SAM091,CS(=O)(=O)c1cc(=O)[nH]c(=O)[nH]1,11Other,1,3.4786026,0.19814682,111.3995
SAM092,C[C@@H](O)C(=O)NC(C)(CO)CO,"1Alcohol, 5Ketone, 6Amine, 7Amide",4,6.7533383,6.3679204,108.452
SAM093,C[C@@H](O)CNC(=O)[C@@H](C)O,"1Alcohol, 5Ketone, 6Amine, 7Amide",4,1.0011146,7.024929,66.9665
SAM094,C[C@@]1(O)[C@H](O)O[C@](C)(CO)[C@]1(C)O,"1Alcohol, 8Ether",2,7.3198843,2.9668984,90.41975
SAM095,C[C@H](O)C(=O)NC(C)(CO)CO,"1Alcohol, 5Ketone, 6Amine, 7Amide",4,6.789112,6.4592032,112.95075
SAM096,Cn1c(=O)[nH]c(=O)c2c(O)c[nH]c21,1Alcohol,1,0.207417,4.0296197,101.59725
SAM097,CNC(=O)C(=O)NCCCOC,"5Ketone, 6Amine, 7Amide, 8Ether",4,6.224527,6.6016316,63.84375
SAM098,CNC(=O)C(=O)NCCOC,"5Ketone, 6Amine, 7Amide, 8Ether",4,6.435774,6.580944,59.67675
SAM099,NC(=O)NCN1CCOCC1,"6Amine, 7Amide, 8Ether",3,0.7296474,3.4395797,74.7025
SAM100,NC(=O)[C@@H]1CC[C@H](C(=O)[O-])[NH2+]1,"5Ketone, 6Amine, 7Amide",3,7.232902,5.730069,116.545
SAM101,NC(=O)[C@@H]1[C@H]2C=C[C@H](O2)[C@@H]1C(N)=O,"5Ketone, 6Amine, 7Amide, 8Ether",4,0.88156015,5.7195563,120.1215
SAM102,NN1C(=O)[C@@H]2[C@H]3C=C[C@H](O3)[C@@H]2C1=O,"5Ketone, 6Amine, 7Amide, 8Ether",4,3.8045113,0.21217275,85.48025
SAM103,NN1C(=O)[C@@H]2[C@@H]3C=C[C@@H](O3)[C@H]2C1=O,"5Ketone, 6Amine, 7Amide, 8Ether",4,0.5039943,5.92956,93.27825
SAM104,C1CN1c1nnc(N2CC2)nn1,6Amine,1,-0.32629412,4.8493314,112.58475
SAM105,C1Cn2nnnc2CN1,6Amine,1,2.0722854,3.1598256,81.7565
SAM106,C1NCNCN1,6Amine,1,3.6134188,0.076329835,101.951
SAM107,C1c2nnnn2Cc2nnnn21,11Other,1,1.9165435,3.3765304,80.298
SAM108,CC(=O)NCC(O)CNC(C)=O,"1Alcohol, 5Ketone, 6Amine, 7Amide",4,4.1383986,5.8611226,89.49125
SAM109,CC(=O)N[C@@H]1COC[C@H]1O,"1Alcohol, 5Ketone, 6Amine, 7Amide, 8Ether",5,2.6507545,4.3400416,114.55325
SAM110,CC(=O)N[C@@H]1C[C@H](O)O[C@H](C)[C@H]1O,"1Alcohol, 5Ketone, 6Amine, 7Amide, 8Ether",5,1.966728,4.3615394,124.09175
SAM111,CC(=O)N[C@H]1CO[C@@H]2[C@H](O)CO[C@H]12,"1Alcohol, 5Ketone, 6Amine, 7Amide, 8Ether",5,5.1927814,0.34131813,122.96725
SAM112,CN1C[C@H](N)C1=O,"5Ketone, 6Amine, 7Amide",3,5.755867,0.8816772,155.915
SAM113,CN1C(=O)C2C(=O)NC(=O)C[C@H]2C1=O,"5Ketone, 6Amine, 7Amide",3,3.6701374,0.03423102,160.09775
SAM114,CN1C(=O)C2C(=O)NC(=O)C[C@@H]2C1=O,"5Ketone, 6Amine, 7Amide",3,0.5555588,3.4519749,163.98025
SAM115,CN(CO)CCO,"1Alcohol, 6Amine",2,1.8357593,2.951691,143.1215
SAM116,CN1C[C@@H](N)C1=O,"5Ketone, 6Amine, 7Amide",3,5.5163403,1.0326179,147.0335
SAM117,CN1[C@H]2CC(=O)C[C@@H]1[C@H](O)[C@@H]2O,"1Alcohol, 5Ketone, 6Amine",3,5.373376,0.94015515,129.51225
SAM118,OCc1nnc(CO)[nH]1,1Alcohol,1,1.9990278,4.826391,101.887
SAM119,C[C@@]1(C(N)=O)CNCCO1,"5Ketone, 6Amine, 7Amide, 8Ether",4,4.139043,0.31475893,128.84375
SAM120,C[C@@H]1O[C@H](N)[C@@H](O)[C@H](O)[C@@H]1O,"1Alcohol, 6Amine, 8Ether",3,5.543767,3.847415,182.95075
SAM121,NC(N=O)NO,"1Alcohol, 6Amine",2,5.3935804,0.5544273,164.298
SAM122,C[C@@H]1O[C@@H](N)[C@@H](O)[C@H](O)[C@@H]1O,"1Alcohol, 6Amine, 8Ether",3,7.30721,1.6664834,183.66
SAM123,N[C@H]1COCCNC1=O,"5Ketone, 6Amine, 7Amide, 8Ether",4,2.785118,4.338169,93.65525
SAM124,N[C@@H]1COCCNC1=O,"5Ketone, 6Amine, 7Amide, 8Ether",4,4.1327863,3.0202236,79.6345
SAM125,OC[C@H]1NC[C@@H](O)C(O)[C@@H]1O,"1Alcohol, 6Amine",2,7.1969934,1.6261289,169.89175
SAM126,N[C@H]1C(O)[C@H](O)[C@@H](CO)O[C@H]1O,"1Alcohol, 6Amine, 8Ether",3,5.2643075,3.3546364,171.53725
SAM127,N[C@H]1C(O)[C@H](O)[C@@H](CO)O[C@@H]1O,"1Alcohol, 6Amine, 8Ether",3,6.269789,1.4073273,167.16975
SAM128,N[C@@H]1C(=O)NC[C@H]1O,"1Alcohol, 5Ketone, 6Amine, 7Amide",4,6.427663,0.8398994,172.628
SAM129,CNC(=O)[C@H](N)[C@H](C)O,"1Alcohol, 5Ketone, 6Amine, 7Amide",4,3.645101,6.1603293,80.25675
SAM130,NC(=O)C(=O)NCc1cnc[nH]1,"5Ketone, 6Amine, 7Amide",3,8.542079,3.0326397,134.4615
SAM131,NC(=O)CC1(N)COC1,"5Ketone, 6Amine, 7Amide, 8Ether",4,0.39265412,6.1455708,110.3845
SAM132,NC(=O)Cc1c[nH]nn1,"5Ketone, 6Amine, 7Amide",3,0.6124997,3.375734,140.61125
SAM133,NC(=O)[C@@H](N)CN1CCOCC1,"5Ketone, 6Amine, 7Amide, 8Ether",4,0.9669387,6.9368553,69.41875
SAM134,NC(=O)[C@H](N)CN1CCOCC1,"5Ketone, 6Amine, 7Amide, 8Ether",4,0.96435463,6.9070764,71.48275
SAM135,N[C@@H](C[NH3+])[P@](=O)([O-])O,"1Alcohol, 6Amine",2,8.195091,4.1617455,220.519
SAM136,N[C@@H](C[NH+](CCO)CCO)C(=O)[O-],"1Alcohol, 5Ketone, 6Amine",3,7.1069217,4.271525,117.03475
SAM137,N[C@@H]1CC[NH2+][C@H]1C(=O)[O-],"5Ketone, 6Amine",2,8.660651,2.2785354,168.3095
SAM138,N[C@@H]1C[NH2+]C[C@H]1C(=O)[O-],"5Ketone, 6Amine",2,5.572754,0.49985734,161.19475
SAM139,N[C@@H]1C[NH2+]C[C@@H]1C(=O)[O-],"5Ketone, 6Amine",2,3.7369976,3.1213505,170.14725
SAM140,N[C@@H]1OC[C@@H](O)[C@H](O)[C@@H]1O,"1Alcohol, 6Amine, 8Ether",3,5.273808,4.5647373,172.03425
SAM141,N[C@@H]1[C@H](NO)O[C@@H](CO)[C@@H](O)[C@@H]1O,"1Alcohol, 6Amine, 8Ether",3,7.356111,1.5939118,169.8835
SAM142,N[C@@H]1[C@H](NO)O[C@H](CO)[C@H](O)[C@@H]1O,"1Alcohol, 6Amine, 8Ether",3,8.47425,2.0236943,166.467
SAM143,N[C@@H]1[C@H](NO)O[C@@H](CO)[C@H](O)[C@@H]1O,"1Alcohol, 6Amine, 8Ether",3,8.581109,1.9981909,161.0455
SAM144,N[C@@H]1[C@H](NO)O[C@H](CO)[C@@H](O)[C@@H]1O,"1Alcohol, 6Amine, 8Ether",3,7.2688313,1.604344,165.81175
SAM145,N[C@H]1CC[NH2+][C@@H]1C(=O)[O-],"5Ketone, 6Amine",2,8.472051,2.3991563,179.67075
SAM146,N[C@H]1CC[NH2+][C@H]1C(=O)[O-],"5Ketone, 6Amine",2,6.389669,3.9887536,177.817
SAM147,N[C@H]1C[NH2+][C@@H](C(=O)[O-])C1,"5Ketone, 6Amine",2,8.4456215,2.7566512,178.61425
SAM148,N[C@H]1C[NH2+]C[C@H]1C(=O)[O-],"5Ketone, 6Amine",2,5.4403224,0.2431889,158.3295
SAM149,N[C@H]1C[NH2+]C[C@@H]1C(=O)[O-],"5Ketone, 6Amine",2,3.840445,3.0923278,158.43
SAM150,N[C@H]1OC[C@@H](O)[C@H](O)[C@@H]1O,"1Alcohol, 6Amine, 8Ether",3,5.432335,3.5663412,168.83025
SAM151,NCC(=O)CCO,"1Alcohol, 5Ketone, 6Amine",3,4.961988,-0.06932144,166.65775
SAM152,NCC(=O)C[C@@H]([NH3+])C(=O)[O-],"5Ketone, 6Amine",2,6.365651,6.24197,160.97275
SAM153,NCC(=O)C[C@H]([NH3+])C(=O)[O-],"5Ketone, 6Amine",2,7.5458937,3.9957936,172.12175
SAM154,CNC(=O)[C@@H](N)[C@H](C)O,"1Alcohol, 5Ketone, 6Amine, 7Amide",4,1.5591761,6.7578583,75.65225
SAM155,CNC(=O)[C@H](N)[C@@H](C)O,"1Alcohol, 5Ketone, 6Amine, 7Amide",4,0.89586246,6.942269,91.33775
SAM156,CN1CCN(C[C@@H](O)CO)CC1,"1Alcohol, 6Amine",2,2.0312622,4.6529994,158.6205
SAM157,C[C@]1(C(N)=O)CNCCO1,"5Ketone, 6Amine, 7Amide, 8Ether",4,2.6673582,2.716038,122.99425
SAM158,CN1CCN(C[C@H](O)CO)CC1,"1Alcohol, 6Amine",2,2.1507728,4.4391675,157.1895
SAM159,CC1(N)C(=O)NC(=O)NC1=O,"5Ketone, 6Amine, 7Amide",3,5.463935,0.7339443,198.7365
SAM160,CN1[C@H]2CC(=O)C[C@@H]1[C@@H](O)[C@H]2O,"1Alcohol, 5Ketone, 6Amine",3,3.3907728,3.432049,134.9855
SAM161,CC(=O)NCCC(=O)NCCO,"1Alcohol, 5Ketone, 6Amine, 7Amide",4,1.9832246,3.4381924,110.51525
SAM162,CC(=O)N[C@@H](O)[C@@H](O)NC(C)=O,"1Alcohol, 5Ketone, 6Amine, 7Amide",4,6.218375,4.4792166,89.51275
SAM163,CC(=O)N[C@@H](O)[C@H](O)NC(C)=O,"1Alcohol, 5Ketone, 6Amine, 7Amide",4,5.9788113,5.293377,85.0655
SAM164,CC(=O)N[C@H](C)C(N)=O,"5Ketone, 6Amine, 7Amide",3,8.426958,3.1790652,117.6
SAM165,CC(=O)N[C@H](O)[C@@H](O)NC(C)=O,"1Alcohol, 5Ketone, 6Amine, 7Amide",4,5.8732753,5.4386544,86.02025
SAM166,CC(C)(CO)[C@H](O)C(=O)NCCO,"1Alcohol, 5Ketone, 6Amine, 7Amide",4,6.3958488,6.2884617,107.991
SAM167,CC(C)(CO)[C@@H](O)C(=O)NCCO,"1Alcohol, 5Ketone, 6Amine, 7Amide",4,7.540476,3.7469223,115.273
SAM168,CCNC(=O)C(=O)NCCOC,"5Ketone, 6Amine, 7Amide, 8Ether",4,6.5211143,6.0924997,79.332
SAM169,CCNC(=O)C(=O)NCCO,"1Alcohol, 5Ketone, 6Amine, 7Amide",4,7.95527,4.127976,121.14075
SAM170,CNC(=O)C(=O)NC,"5Ketone, 6Amine, 7Amide",3,6.4305177,6.534962,115.7845
SAM171,CNC(=O)CN1C(=O)CCC1=O,"5Ketone, 6Amine, 7Amide",3,7.102596,1.5415422,112.68575
SAM172,CNC(=O)NCCO,"1Alcohol, 6Amine, 7Amide",3,2.4364207,4.196611,112.84125
SAM173,COC(=O)C(N)C(=O)OC,"3Ester, 5Ketone, 6Amine, 8Ether",4,1.1052989,6.817584,113.0645
SAM174,COC(=O)C1(C(=O)OC)CN1,"3Ester, 5Ketone, 6Amine, 8Ether",4,-0.28417727,4.8167233,118.2965
SAM175,COC(=O)C1(C(=O)OC)ON1C,"3Ester, 5Ketone, 6Amine, 8Ether",4,3.4910321,0.16114783,110.948
SAM176,COC(=O)C1(N)COC1,"3Ester, 5Ketone, 6Amine, 8Ether",4,3.4877102,3.9413848,86.002
SAM177,COC(=O)[C@@H](N)CN1CCOCC1,"3Ester, 5Ketone, 6Amine, 8Ether",4,0.84474623,6.7839694,73.58425
SAM178,COC(=O)[C@@H](N)[C@@H](C)O,"1Alcohol, 3Ester, 5Ketone, 6Amine, 8Ether",5,1.7406335,6.088385,84.21575
SAM179,COC(=O)[C@@H](N)[C@H](C)O,"1Alcohol, 3Ester, 5Ketone, 6Amine, 8Ether",5,6.3607645,1.0262961,74.42025
SAM180,COC(=O)[C@@H](O)[C@@H](O)C(=O)OC,"1Alcohol, 3Ester, 5Ketone, 8Ether",4,1.4456996,7.1469264,110.87125
SAM181,COC(=O)[C@@H](O)[C@H](O)C(=O)OC,"1Alcohol, 3Ester, 5Ketone, 8Ether",4,7.748917,3.8098521,119.86425
SAM182,COC(=O)[C@H](N)[C@H](C)O,"1Alcohol, 3Ester, 5Ketone, 6Amine, 8Ether",5,1.4866178,6.462185,82.61525
SAM183,COC(=O)[C@H](N)[C@@H](C)O,"1Alcohol, 3Ester, 5Ketone, 6Amine, 8Ether",5,4.859142,3.2236493,75.4845
SAM184,COC(=O)[C@H](N)CN1CCOCC1,"3Ester, 5Ketone, 6Amine, 8Ether",4,3.2969234,4.147899,70.9445
SAM185,COC(=O)[C@H]1CS(=O)(=O)CCN1,"3Ester, 5Ketone, 6Amine, 8Ether",4,3.6269212,3.2154596,83.20275
SAM186,COC(=O)c1nnc(C(=O)OC)nn1,"3Ester, 8Ether",2,0.48814842,3.5808904,102.002
SAM187,CO[C@H]1O[C@H](OC)[C@H](O)[C@@H]1O,"1Alcohol, 8Ether",2,3.6288548,3.524398,117.39975
SAM188,CO[C@H]1O[C@@H](OC)[C@H](O)[C@H]1O,"1Alcohol, 8Ether",2,1.5262446,5.641269,115.81225
SAM189,CO[C@H]1O[C@@H](OC)[C@H](O)[C@@H]1O,"1Alcohol, 8Ether",2,5.3327017,0.2120449,116.6605
SAM190,CO[C@H]1O[C@@H](OC)[C@@H](O)[C@@H]1O,"1Alcohol, 8Ether",2,2.6474853,4.040531,117.5195
SAM191,CO[C@H]1O[C@@H](OC)[C@@H](O)[C@H]1O,"1Alcohol, 8Ether",2,3.5351226,2.9165661,116.57475
SAM192,CS(=O)(=O)NO,"1Alcohol, 6Amine",2,3.4375036,2.724943,104.15825
SAM193,C[C@@H](O)C(=O)NCCO,"1Alcohol, 5Ketone, 6Amine, 7Amide",4,6.575456,6.285843,109.14
SAM194,CNC(=O)CNC(C)=O,"5Ketone, 6Amine, 7Amide",3,6.0909276,6.038467,95.9265
SAM195,Cn1ncnc2c(=O)n(C)c(=O)nc1-2,11Other,1,7.7800293,4.985951,114.667
SAM196,NC(=O)CCc1nc(N)n[nH]1,"5Ketone, 6Amine, 7Amide",3,1.9273518,4.727868,114.02725
SAM197,NC(=O)Cn1cc(N)ccc1=O,"5Ketone, 6Amine, 7Amide",3,3.9490035,5.982522,77.1865
SAM198,NC(=O)Cc1nonc1N,"5Ketone, 6Amine, 7Amide",3,5.3430743,0.28681564,101.528
SAM199,NC(=O)Cc1nc[nH]n1,"5Ketone, 6Amine, 7Amide",3,0.4115256,3.5164716,108.5405
SAM200,NC(=O)NC(=O)CO,"1Alcohol, 5Ketone, 6Amine, 7Amide",4,1.1677372,5.786683,100.34075
SAM201,NC(=O)NCCN1CCOCC1,"6Amine, 7Amide, 8Ether",3,0.773327,4.583427,77.5845
SAM202,NC(=O)NCCO,"1Alcohol, 6Amine, 7Amide",3,1.9577097,4.832641,115.9935
SAM203,NC(=O)NC(CO)(CO)CO,"1Alcohol, 6Amine, 7Amide",3,5.0554504,5.140174,123.3615
SAM204,NC(=O)NC1NCCN1,"6Amine, 7Amide",2,0.267588,4.841737,76.6275
SAM205,NC(=O)C(C(N)=O)C1CC1,"5Ketone, 6Amine, 7Amide",3,3.4434385,-0.057318106,115.5685
SAM206,CNC(=O)c1noc(CN)n1,"6Amine, 7Amide",2,8.683965,1.933582,90.3335
SAM207,NC(=O)[C@@H]1CO1,"5Ketone, 6Amine, 7Amide, 8Ether",4,0.050093222,5.9595385,92.11925
SAM208,NC(=O)[C@@H](O)[C@H]1CCOC1,"1Alcohol, 5Ketone, 6Amine, 7Amide, 8Ether",5,1.5257512,6.8203626,72.40075
SAM209,NC(=O)[C@@H](O)[C@@H]1CCOC1,"1Alcohol, 5Ketone, 6Amine, 7Amide, 8Ether",5,5.809292,3.9362063,82.39825
SAM210,NC(=O)[C@@H]1CCC(=O)N1,"5Ketone, 6Amine, 7Amide",3,6.051294,5.6460834,102.63025
SAM211,NC(=O)[C@@H]1COCCN1,"5Ketone, 6Amine, 7Amide, 8Ether",4,3.7113986,2.8935935,75.88825
SAM212,NC(=O)[C@H](O)[C@@H]1CCOC1,"1Alcohol, 5Ketone, 6Amine, 7Amide, 8Ether",5,5.7440505,3.9512672,78.5635
SAM213,NC(=O)[C@H](O)[C@H]1CCOC1,"1Alcohol, 5Ketone, 6Amine, 7Amide, 8Ether",5,5.3214717,5.0800986,72.845
SAM214,NC(=O)[C@H]1CCC(=O)N1,"5Ketone, 6Amine, 7Amide",3,6.01671,5.505077,101.55875
SAM215,NC(=O)[C@H]1COCCN1,"5Ketone, 6Amine, 7Amide, 8Ether",4,2.183322,4.692298,81.5965
SAM216,NC(=O)[C@H]1CO1,"5Ketone, 6Amine, 7Amide, 8Ether",4,0.07443738,5.902868,97.13125
SAM217,NN1CC(=O)NC1=O,"5Ketone, 6Amine, 7Amide",3,4.3135777,0.20654942,105.77125
SAM218,C1CNn2nnnc2N1,6Amine,1,1.9555949,3.3883367,122.14575
SAM219,C=CC(=O)NC(CO)(CO)CO,"1Alcohol, 5Ketone, 6Amine, 7Amide",4,1.3679613,7.0486865,97.64725
SAM220,CC(=O)Cn1nnnc1N,"5Ketone, 6Amine",2,1.7218218,3.5431175,119.04525
SAM221,CC(=O)NC(NC(C)=O)NC(C)=O,"5Ketone, 6Amine, 7Amide",3,3.3706136,-0.006711911,107.88575
SAM222,CC(=O)NC(CO)CO,"1Alcohol, 5Ketone, 6Amine, 7Amide",4,1.3479322,6.822474,106.164
SAM223,CC(=O)NCC(=O)CNC(C)=O,"5Ketone, 6Amine, 7Amide",3,5.6063433,4.0134172,88.64575
SAM224,NC(=O)C1(O)CNC1,"1Alcohol, 5Ketone, 6Amine, 7Amide",4,5.1171064,5.341687,102.61925
SAM225,C[N@H+]1CCNC(=O)[C@@H]1CC(=O)[O-],"5Ketone, 6Amine, 7Amide",3,5.919896,5.90131,150.1165
SAM226,CN1C[C@H](O)[C@H](O)[C@H](O)[C@@H]1CO,"1Alcohol, 6Amine",2,6.010669,1.0334458,152.624
SAM227,CC(C)NC(=O)C(=O)N1CCNCC1,"5Ketone, 6Amine, 7Amide",3,1.2838763,6.7530413,93.56175
SAM228,NCC(=O)CN,"5Ketone, 6Amine",2,3.6267135,2.9102852,126.06525
SAM229,C[C@H](O)[C@@H](N)C(N)=O,"1Alcohol, 5Ketone, 6Amine, 7Amide",4,7.1927304,3.4901397,194.26725
SAM230,C[C@H](O)[C@H](N)C(N)=O,"1Alcohol, 5Ketone, 6Amine, 7Amide",4,6.0113554,4.6985197,195.95725
SAM231,CN1C[C@H](O)[C@H](O)[C@@H](O)[C@@H]1CO,"1Alcohol, 6Amine",2,6.0362287,1.2895151,130.46425
SAM232,C[N@@H+](CCO)CC(=O)[O-],"1Alcohol, 5Ketone, 6Amine",3,5.565314,6.3186326,147.03825
SAM233,C[NH+](C)C[C@H](N)C(=O)[O-],"5Ketone, 6Amine",2,6.726612,4.461231,172.88625
SAM234,CNC(=O)[C@@H]1CNCCO1,"5Ketone, 6Amine, 7Amide, 8Ether",4,0.32855687,6.494186,77.21
SAM235,C[NH+](C)C[C@@H](N)C(=O)[O-],"5Ketone, 6Amine",2,6.2034717,5.1034265,174.8685
SAM236,CN1C[C@H](O)[C@@H](O)[C@H](O)[C@H]1CO,"1Alcohol, 6Amine",2,8.549498,1.7405229,163.7685
SAM237,CNC(=O)[C@@H](N)CO,"1Alcohol, 5Ketone, 6Amine, 7Amide",4,4.578764,5.7053676,150.8895
SAM238,CNC(=O)[C@H](N)CO,"1Alcohol, 5Ketone, 6Amine, 7Amide",4,4.3472824,5.9638724,146.61725
SAM239,C[N@@H+](CCN)CC(=O)[O-],"5Ketone, 6Amine",2,8.597655,2.2620118,147.17925
SAM240,C[N@H+]1CCNC[C@H]1C(=O)[O-],"5Ketone, 6Amine",2,5.8885813,4.4132833,112.7445
SAM241,CN1C[C@H](N)C(=O)N1,"5Ketone, 6Amine, 7Amide",3,5.78067,4.2859693,168.05525
SAM242,CNC1(CO)COC1,"1Alcohol, 6Amine, 8Ether",3,1.586454,4.400912,102.54675
SAM243,C[C@H]1CNC[C@@H](C(N)=O)O1,"5Ketone, 6Amine, 7Amide, 8Ether",4,1.5705671,4.877809,158.52325
SAM244,C[C@H]1CNC[C@H](C(N)=O)O1,"5Ketone, 6Amine, 7Amide, 8Ether",4,4.2891874,0.17796412,157.45275
SAM245,CN1C[C@H](O)[C@H](O)[C@@H](O)[C@H]1CO,"1Alcohol, 6Amine",2,5.697822,1.198773,138.41625
SAM246,OC1(c2cn[nH]n2)CNC1,"1Alcohol, 6Amine",2,3.8976529,-0.26168603,147.5875
SAM247,NCc1nnc2c(=O)[nH]ccn12,6Amine,1,5.1014485,-0.06553708,113.01625
SAM248,CN1C[C@@H](N)C(=O)N1,"5Ketone, 6Amine, 7Amide",3,4.4592853,5.9306254,189.02575
SAM249,CC(C)C[C@@H](NC(=O)CN)C(N)=O,"5Ketone, 6Amine, 7Amide",3,8.021178,4.5514326,143.703
SAM250,OCCN1CCN(CCO)CC1,"1Alcohol, 6Amine",2,0.48536092,6.1503305,139.22025
SAM251,O[C@H]1CNCCO1,"1Alcohol, 6Amine, 8Ether",3,1.9317176,2.71902,78.32825
SAM252,CC(=O)NCCN[C@@H]1CC(=O)NC1=O,"5Ketone, 6Amine, 7Amide",3,3.4058096,3.3557582,138.537
SAM253,OC[C@H]1N[C@H](CO)[C@@H](O)[C@H](O)[C@H]1O,"1Alcohol, 6Amine",2,4.529461,6.079943,163.802
SAM254,CNC(=O)NC[C@H]1COCCN1,"6Amine, 7Amide, 8Ether",3,1.7600933,3.672748,74.32625
SAM255,CNC1(C(N)=O)CNC1,"5Ketone, 6Amine, 7Amide",3,6.085322,0.8388569,127.93275
SAM256,OCCNC1COC1,"1Alcohol, 6Amine, 8Ether",3,3.9229438,0.26818877,84.562
SAM257,COCCN[C@@H]1CC(=O)NC1=O,"5Ketone, 6Amine, 7Amide, 8Ether",4,1.5780367,4.7662334,136.585
SAM258,CC(=O)NCCN[C@H]1CC(=O)NC1=O,"5Ketone, 6Amine, 7Amide",3,2.3115582,4.458379,136.219
SAM259,NC(=O)c1nc(N)nc2[nH]cnc12,"6Amine, 7Amide",2,4.1937165,0.51910216,147.1855
SAM260,CC(=O)NCSC[C@H](N)C(N)=O,"5Ketone, 6Amine, 7Amide",3,1.2937169,6.9844112,161.81775
SAM261,CC(=O)N[C@@H](Cc1cnc[nH]1)C(N)=O,"5Ketone, 6Amine, 7Amide",3,6.5497894,6.4978447,106.74475
SAM262,CNC(=O)CCNC(=O)CN(C)C,"5Ketone, 6Amine, 7Amide",3,0.19659947,6.423777,56.32275
SAM263,CC(=O)N[C@H](Cc1cnc[nH]1)C(N)=O,"5Ketone, 6Amine, 7Amide",3,6.3494315,6.4542003,121.72925
SAM264,CNC(=O)[C@H]1CNCCO1,"5Ketone, 6Amine, 7Amide, 8Ether",4,1.6376117,3.577135,88.4485
SAM265,C[NH2+][C@@H](CN)C(=O)[O-],"5Ketone, 6Amine",2,6.1453295,5.000557,143.39175
SAM266,COC(=O)C1(N)CNC1,"3Ester, 5Ketone, 6Amine, 8Ether",4,3.580733,3.8324869,105.022
SAM267,COCCN[C@H]1CC(=O)NC1=O,"5Ketone, 6Amine, 7Amide, 8Ether",4,4.426914,0.08712145,137.77775
SAM268,COC[C@@H](N)C(N)=O,"5Ketone, 6Amine, 7Amide, 8Ether",4,6.0815763,4.589251,171.327
SAM269,COC[C@H](N)C(N)=O,"5Ketone, 6Amine, 7Amide, 8Ether",4,5.5842543,5.2159624,164.4095
SAM270,C[C@@H](NC(=O)CN)C(N)=O,"5Ketone, 6Amine, 7Amide",3,8.072829,4.532413,109.47
SAM271,C[C@@H](O)[C@@H](N)C(N)=O,"1Alcohol, 5Ketone, 6Amine, 7Amide",4,7.2338524,3.3398736,186.62825
SAM272,C[C@@]1(C(=O)NCCO)CNCCO1,"1Alcohol, 5Ketone, 6Amine, 7Amide, 8Ether",5,3.4256554,3.985,79.8305
SAM273,C[C@@H](O)[C@H](N)C(N)=O,"1Alcohol, 5Ketone, 6Amine, 7Amide",4,6.5745273,4.2031446,210.4105
SAM274,Cn1c(CN)n[nH]c1=O,6Amine,1,4.361032,3.0863006,145.427
SAM275,NC(=O)[C@H](N)CO,"1Alcohol, 5Ketone, 6Amine, 7Amide",4,5.345205,4.9999933,154.62575
SAM276,NC(=O)[C@@H](N)CO,"1Alcohol, 5Ketone, 6Amine, 7Amide",4,4.7482333,5.543789,152.52825
SAM277,NC(=O)C(=O)N1CCNCC1,"5Ketone, 6Amine, 7Amide",3,5.5927386,3.709223,84.62875
SAM278,NC(=O)CCN1CCN(C=O)CC1,"5Ketone, 6Amine, 7Amide",3,3.869932,0.18758759,143.44975
SAM279,NC(=O)CN1CCC[C@H](C(N)=O)C1,"5Ketone, 6Amine, 7Amide",3,1.8527343,2.8457491,153.3895
SAM280,NC(=O)C[C@@H]1COCCN1,"5Ketone, 6Amine, 7Amide, 8Ether",4,3.5998418,0.37494805,61.3245
SAM281,NC(=O)C[C@H]1COCCN1,"5Ketone, 6Amine, 7Amide, 8Ether",4,0.7421087,4.5999064,56.52975
SAM282,NC(=O)[C@@H]1Cc2nc[nH]c2CN1,"5Ketone, 6Amine, 7Amide",3,4.2683773,4.9366193,130.57225
SAM283,NC(=O)[C@@H]1CNCCC1=O,"5Ketone, 6Amine, 7Amide",3,0.26277477,4.169983,88.1515
SAM284,NC(=O)[C@@H]1CNCCO1,"5Ketone, 6Amine, 7Amide, 8Ether",4,0.40324265,6.325646,77.6795
SAM285,NC(=O)[C@@]1(N)CCOC1,"5Ketone, 6Amine, 7Amide, 8Ether",4,4.4974732,5.7410655,84.96375
SAM286,NC(=O)[C@H]1CNCCO1,"5Ketone, 6Amine, 7Amide, 8Ether",4,0.33903214,6.4719925,77.53575
SAM287,NC(=O)[C@]1(N)CCOC1,"5Ketone, 6Amine, 7Amide, 8Ether",4,3.810118,6.12682,79.212
SAM288,NC(=O)[C@H]1Cc2nc[nH]c2CN1,"5Ketone, 6Amine, 7Amide",3,5.3112345,3.479111,132.676
SAM289,NC(=O)[C@H]1CNCCC1=O,"5Ketone, 6Amine, 7Amide",3,0.23278484,4.294346,85.12325
SAM290,NCc1nc(N)n[nH]1,6Amine,1,2.3414266,4.6125402,154.91075
SAM291,NCc1nc(N)nc(N)n1,6Amine,1,0.31140995,3.6885905,143.9275
SAM292,N[C@@H]1CC[NH2+][C@@H]1C(=O)[O-],"5Ketone, 6Amine",2,5.961333,4.6820383,169.6565
SAM293,N[C@@H]1C[NH2+][C@H](C(=O)[O-])C1,"5Ketone, 6Amine",2,6.8788767,4.0983696,184.703
SAM294,N[C@@H]1C[NH2+][C@@H](C(=O)[O-])C1,"5Ketone, 6Amine",2,6.275831,4.900829,184.987
SAM295,N[C@@H]1OC[C@@H](O)[C@H](O)[C@H]1O,"1Alcohol, 6Amine, 8Ether",3,7.228545,1.7058692,164.41975
SAM296,N[C@H]1C[NH2+][C@H](C(=O)[O-])C1,"5Ketone, 6Amine",2,8.23191,2.9007394,183.9305
SAM297,CNC(=O)NC[C@@H]1COCCN1,"6Amine, 7Amide, 8Ether",3,0.6398559,6.0770817,76.0695
SAM298,NC(=O)c1nc[nH]n1,"6Amine, 7Amide",2,1.5910221,3.014297,145.1265
SAM299,NC(=O)c1nc(N)nc2c1CNCC2,"6Amine, 7Amide",2,0.71683586,6.7345176,89.19175
SAM300,CNC(=O)[C@@H](N)[C@@H](C)O,"1Alcohol, 5Ketone, 6Amine, 7Amide",4,4.3520184,5.7781563,84.56275
